[
  {
    "correoUsuario": "fiu6+fLcSMQG2KrMg99C3HrJRJmgYLNlZYd7RHhUnY0\u003d",
    "tiempoTranscurridoMs": 18928,
    "filasLaberinto": 11,
    "columnasLaberinto": 11,
    "cristalesRecolectados": 1,
    "trampasActivadas": 0,
    "puntuacion": 600,
    "gano": true
  },
  {
    "correoUsuario": "fiu6+fLcSMQG2KrMg99C3HrJRJmgYLNlZYd7RHhUnY0\u003d",
    "tiempoTranscurridoMs": 5782,
    "filasLaberinto": 11,
    "columnasLaberinto": 11,
    "cristalesRecolectados": 0,
    "trampasActivadas": 0,
    "puntuacion": 0,
    "gano": false
  }
]