{
  "WUmfOWzG+0q0aEiRU8gU2w\u003d\u003d": {
    "correo": "WUmfOWzG+0q0aEiRU8gU2w\u003d\u003d",
    "contrasenaCifrada": "TG6xNdb8VYAK2VSAWqo+1A\u003d\u003d"
  },
  "0CPJSo6tzWBI/uoxNMbHYXrJRJmgYLNlZYd7RHhUnY0\u003d": {
    "correo": "0CPJSo6tzWBI/uoxNMbHYXrJRJmgYLNlZYd7RHhUnY0\u003d",
    "contrasenaCifrada": "uAVuSBXXmZWucvlDUOzxhA\u003d\u003d"
  },
  "fiu6+fLcSMQG2KrMg99C3HrJRJmgYLNlZYd7RHhUnY0\u003d": {
    "correo": "fiu6+fLcSMQG2KrMg99C3HrJRJmgYLNlZYd7RHhUnY0\u003d",
    "contrasenaCifrada": "nVjoDwVlYLe+AM1K+yvyIw\u003d\u003d"
  }
}